workload,scheduler,seed,plates,experiments,tasks_total,tasks_completed,completion_rate,stalled,makespan_min,mean_task_wait_min,max_task_wait_min,deadline_misses,deadline_miss_rate,mean_lateness_min,throughput_plates_per_hour,mean_robot_utilization,mean_station_utilization,mean_incubator_utilization,mean_ready_queue,max_ready_queue,tasks_rescheduled,faults_injected,faults_detected,false_alarms,mean_recovery_min,unrecoverable,deadlocks_resolved,events_processed,wall_time_s
A,fifo,1,10,3,56,56,1.0,False,2349.8624999999847,9.089136904761366,89.18333333333726,0,0.0,0.0,0.2553340886966807,0.03596664343833782,0.07553633457276804,0.033759015746193305,0.21659574468085108,5,0,0,0,0,0.0,0,17,6313,0.18506479999632575
A,priority,1,10,3,56,56,1.0,False,2349.8624999999847,9.089136904761366,89.18333333333726,0,0.0,0.0,0.2553340886966807,0.03596664343833782,0.07553633457276804,0.033759015746193305,0.21659574468085108,5,0,0,0,0,0.0,0,17,6313,0.17970879998756573
A,deadline,1,10,3,56,56,1.0,False,2349.8624999999847,9.089136904761366,89.18333333333726,0,0.0,0.0,0.2553340886966807,0.03596664343833782,0.07553633457276804,0.033759015746193305,0.21659574468085108,5,0,0,0,0,0.0,0,17,6313,0.18507450001197867
A,cost,1,10,3,56,56,1.0,False,2349.0916666666503,9.093601190475606,89.37083333333612,0,0.0,0.0,0.25541787428474305,0.03537980992651224,0.07556112114256981,0.033769428313307995,0.2170212765957447,5,0,0,0,0,0.0,0,11,6321,0.1931336999987252
A,fifo,2,10,4,56,56,1.0,False,2329.166666666631,8.991071428570601,77.29999999998608,0,0.0,0.0,0.25760286225402895,0.03626118067976088,0.07620751341681692,0.03405515802027469,0.21545064377682405,4,0,0,0,0,0.0,0,16,6354,0.18266819999553263
A,priority,2,10,4,56,56,1.0,False,2329.166666666631,8.991071428570601,97.09166666664999,0,0.0,0.0,0.25760286225402895,0.03626118067976088,0.07620751341681692,0.03405515802027469,0.21545064377682405,4,0,0,0,0,0.0,0,16,6354,0.18039819999830797
A,deadline,2,10,4,56,56,1.0,False,2329.166666666631,8.991071428570601,97.09166666664999,0,0.0,0.0,0.25760286225402895,0.03626118067976088,0.07620751341681692,0.03405515802027469,0.21545064377682405,4,0,0,0,0,0.0,0,16,6354,0.18575949998921715
A,cost,2,10,4,56,56,1.0,False,2329.0624999999645,8.972470238094402,96.79999999998302,0,0.0,0.0,0.2576143834697477,0.035703743458985256,0.07621092177646702,0.03405794832804129,0.21545064377682405,4,0,0,0,0,0.0,0,9,6374,0.18770179999410175
A,fifo,3,10,3,50,50,1.0,False,2448.6416666666228,15.849999999997493,139.4999999999751,0,0.0,0.0,0.24503381126271126,0.03025486919615005,0.05104871067973152,0.03812934552149702,0.3225806451612903,8,0,0,0,0,0.0,0,16,5950,0.17544099999940954
A,priority,3,10,3,50,50,1.0,False,2448.6416666666228,15.849999999997493,176.29166666664162,0,0.0,0.0,0.24503381126271126,0.03025486919615005,0.05104871067973152,0.03812934552149702,0.3225806451612903,8,0,0,0,0,0.0,0,16,5950,0.17052159999730065
A,deadline,3,10,3,50,50,1.0,False,2448.6416666666228,15.849999999997493,170.62499999997476,0,0.0,0.0,0.24503381126271126,0.03025486919615005,0.05104871067973152,0.03812934552149702,0.3225806451612903,8,0,0,0,0,0.0,0,16,5950,0.17141199999605305
A,cost,3,10,3,50,50,1.0,False,2449.3083333332897,15.941666666664146,171.43749999997453,0,0.0,0.0,0.2449671165669263,0.029880884739532237,0.051034815951442984,0.03813108802825328,0.3248979591836735,8,0,0,0,0,0.0,0,14,5958,0.17575409999699332
A,fifo,4,10,3,56,56,1.0,False,2338.7333333333145,9.825520833333012,75.49999999998875,0,0.0,0.0,0.25654912915823586,0.03597656138648502,0.07589578404264477,0.03399442985519246,0.2364258230012826,4,0,0,0,0,0.0,0,17,6271,0.18067019997397438
A,priority,4,10,3,56,56,1.0,False,2340.0458333333145,9.79761904761869,119.04999999999927,0,0.0,0.0,0.25640523422796413,0.035902964863559005,0.07585321512577273,0.03396979849041437,0.2349423323366083,4,0,0,0,0,0.0,0,16,6258,0.18091520000598393
A,deadline,4,10,3,56,56,1.0,False,2340.0458333333145,9.79761904761869,119.04999999999927,0,0.0,0.0,0.25640523422796413,0.035902964863559005,0.07585321512577273,0.03396979849041437,0.2349423323366083,4,0,0,0,0,0.0,0,16,6258,0.18426940002245829
A,cost,4,10,3,56,56,1.0,False,2338.1916666666475,9.813616071428243,117.11249999999893,0,0.0,0.0,0.25660856145953453,0.035365649380020014,0.07591336609844565,0.034003827150374,0.23557075673364686,4,0,0,0,0,0.0,0,13,6267,0.1861145999864675
A,fifo,5,10,4,70,70,1.0,False,1588.441666666704,21.473630952382067,176.8083333333194,0,0.0,0.0,0.37772869636382783,0.06834528599835253,0.18886434818191392,0.033674218180291496,0.9446192573945877,8,0,0,0,0,0.0,0,21,6769,0.1823100999754388
A,priority,5,10,4,70,70,1.0,False,1613.129166666707,24.655476190477636,198.49999999998602,0,0.0,0.0,0.37194789629885083,0.06730577991535464,0.18597394814942542,0.03411849209567612,1.0687732342007434,8,0,0,0,0,0.0,0,22,6790,0.18649839999852702
A,deadline,5,10,4,70,70,1.0,False,1588.4000000000344,18.638511904762687,186.774999999986,0,0.0,0.0,0.3777386048854111,0.0683601947452546,0.18886930244270556,0.033284137689218514,0.8231592196349906,8,0,0,0,0,0.0,0,21,6771,0.18152429998735897
A,cost,5,10,4,70,70,1.0,False,1587.9000000000333,18.655178571429406,186.96249999998827,0,0.0,0.0,0.37785754770450747,0.06731243571175566,0.18892877385225373,0.03330495028374249,0.8217884130982368,8,0,0,0,0,0.0,0,10,6773,0.19272049999563023
B,fifo,1,50,10,318,318,1.0,False,2553.1874999999977,5.4727463312363795,78.62083333331861,1,0.1,33.49583333333024,1.1750018359403698,0.12574042795082532,0.18065653227583187,0.06083656662831579,0.6812842599843383,8,0,0,0,0,0.0,0,131,24628,0.6325629999919329
B,priority,1,50,10,318,318,1.0,False,2553.1874999999977,5.389281970649361,99.68750000000836,1,0.1,33.49583333333024,1.1750018359403698,0.12613209522947022,0.18065653227583187,0.06079763789272111,0.6707126076742365,8,0,0,0,0,0.0,0,130,24744,0.6336324000149034
B,deadline,1,50,10,318,318,1.0,False,2553.1874999999977,5.274004192871593,100.08333333334122,1,0.1,23.716666666665816,1.1750018359403698,0.12486135250319459,0.18065653227583184,0.060776925765451004,0.6566170712607674,8,0,0,0,0,0.0,0,123,24684,0.6394541999907233
B,cost,1,50,10,318,318,1.0,False,2552.791666666664,5.545636792452321,78.59999999998615,1,0.1,23.966666666664793,1.175184030554786,0.11830838787595199,0.18068454469779835,0.06091276026789825,0.6921269095182139,8,0,0,0,0,0.0,0,111,24244,0.6914939999987837
B,fifo,2,50,11,356,356,1.0,False,2527.5624999999973,15.132151217227886,179.94999999999902,3,0.2727272727272727,169.02361111109406,1.186914270171362,0.14231651596698805,0.23441556835884397,0.048367075904816044,2.1348892405063293,19,0,0,0,0,0.0,0,114,27287,0.7245011999912094
B,priority,2,50,11,356,356,1.0,False,2527.7916666666633,14.838717228463207,248.2624999999913,2,0.18181818181818182,233.15833333331477,1.1868066658974417,0.14238548139842694,0.23439431651474474,0.0483038417371332,2.096518987341772,17,0,0,0,0,0.0,0,112,27454,0.7273694000032265
B,deadline,2,50,11,356,356,1.0,False,2527.7916666666633,12.637254213484049,276.97916666666947,3,0.2727272727272727,103.96944444444684,1.1868066658974417,0.14273053444759431,0.23439431651474474,0.0476747140125606,1.7816455696202531,17,0,0,0,0,0.0,0,114,27316,0.7135607000091113
B,cost,2,50,11,356,356,1.0,False,2527.0833333333285,14.448490168539516,269.3333333333314,4,0.36363636363636365,91.8468750000012,1.1871393239901096,0.13320802418243724,0.23446001648804665,0.0482604321242101,2.0371835443037973,18,0,0,0,0,0.0,0,61,26995,0.7919348999857903
B,fifo,3,50,9,372,372,1.0,False,2542.9874999999893,18.095721326163886,237.74999999995453,4,0.4444444444444444,186.90624999997962,1.179714803946151,0.14532010960421365,0.2398753434690507,0.04213127494946617,2.6453008257963035,17,0,0,0,0,0.0,0,121,28048,0.774086499994155
B,priority,3,50,9,372,372,1.0,False,2542.9874999999893,18.67186379928295,242.14583333330756,4,0.4444444444444444,202.84999999998766,1.179714803946151,0.1463501754006223,0.2398753434690507,0.042344395071195376,2.7290601651592605,17,0,0,0,0,0.0,0,127,28325,0.7558216000034008
B,deadline,3,50,9,372,372,1.0,False,2542.9874999999893,15.26618503584182,289.854166666661,4,0.4444444444444444,116.86041666665608,1.179714803946151,0.1452387311293088,0.2398753434690507,0.04157853623608715,2.230829728666929,19,0,0,0,0,0.0,0,108,27867,0.7492940000083763
B,cost,3,50,9,372,372,1.0,False,2542.2833333333238,17.85306899641531,193.58333333330813,4,0.4444444444444444,137.66562499999168,1.180041563686192,0.13825061023442953,0.23994178461619237,0.04228200575925841,2.6114825009830906,15,0,0,0,0,0.0,0,87,28425,0.846320199983893
B,fifo,4,50,10,370,370,1.0,False,2703.6999999999957,33.418063063058376,362.79999999998563,3,0.3,315.55138888884693,1.1095905610829622,0.13867210776999284,0.2256167474202023,0.04445592562455441,4.572855029585799,25,0,0,0,0,0.0,0,132,28637,0.7897665000054985
B,priority,4,50,10,370,370,1.0,False,2647.4916666666145,28.75637387386712,367.02916666662327,2,0.2,338.793749999933,1.1331480426441602,0.13934730672741003,0.23040676867097926,0.04426654960093144,4.015861027190332,23,0,0,0,0,0.0,0,127,28387,0.7874817000119947
B,deadline,4,50,10,370,370,1.0,False,2629.7000000000044,26.116396396394748,364.9166666666061,3,0.3,200.7319444444122,1.1408145415826882,0.14067299607472747,0.2319656234551466,0.044091759120177765,3.6749049429657794,22,0,0,0,0,0.0,0,121,27837,0.7805992000212427
B,cost,4,50,10,370,370,1.0,False,2605.179166666612,25.702635135128723,342.041666666615,3,0.3,250.98888888882948,1.1515522764749306,0.1330304111094564,0.2341489628832359,0.04428299277240906,3.6515732924021487,22,0,0,0,0,0.0,0,81,27559,0.8538896999962162
B,fifo,5,50,10,322,322,1.0,False,2614.6458333333394,7.112047101449788,77.80416666665747,1,0.1,46.25416666665478,1.14738293108531,0.12613828620294512,0.203182394046357,0.05847341962609123,0.875717017208413,10,0,0,0,0,0.0,0,126,24675,0.6536505999974906
B,priority,5,50,10,322,322,1.0,False,2613.6958333333205,6.908837991718485,77.80416666665747,0,0.0,0.0,1.1477999703485064,0.12568515953086773,0.20325624474921467,0.058468611656227784,0.851185921958684,9,0,0,0,0,0.0,0,123,24795,0.6581358000112232
B,deadline,5,50,10,322,322,1.0,False,2613.583333333344,6.880175983437579,77.37499999999056,0,0.0,0.0,1.1478493766540145,0.12607903155520692,0.2032649937824817,0.058494968859271475,0.8469778117827085,10,0,0,0,0,0.0,0,118,24794,0.6571354999905452
B,cost,5,50,10,322,322,1.0,False,2609.81249999999,6.756495859213518,78.0416666666564,0,0.0,0.0,1.149507866944469,0.11992027950068014,0.20355868477141636,0.058612335124117856,0.835632183908046,9,0,0,0,0,0.0,0,92,24846,0.7267604999942705
C,fifo,1,100,15,640,640,1.0,False,3565.0291666667426,85.97119140625831,883.8750000000992,11,0.7333333333333333,358.423863636441,1.6830156836023658,0.18137649645222656,0.3038807536637665,0.11614983573065757,15.462422882781828,68,3,3,3,0,112.3333333333333,0,226,47013,1.4210272000054829
C,priority,1,100,15,640,640,1.0,False,3122.8750000001287,54.33606119791302,975.245833333408,7,0.4666666666666667,475.76071428574704,1.921306488412041,0.20813486504154557,0.3469265767388347,0.12207863291482066,11.143772014089016,53,3,3,3,0,113.66666666666663,0,225,46094,1.33298669999931
C,deadline,1,100,15,640,640,1.0,False,2967.7125000000447,52.61425130207919,584.8083333333507,7,0.4666666666666667,222.26785714281445,2.0217591832092596,0.21955883529814413,0.36504722352091623,0.12622817775381256,11.383423180592992,63,3,3,3,0,117.66666666666663,0,240,46041,1.3240621000004467
C,cost,1,100,15,640,640,1.0,False,2965.4875000000625,52.59436197916529,470.34166666670353,7,0.4666666666666667,230.54761904759133,2.023276105530667,0.205794344287528,0.36530390590641326,0.1264725978396812,11.400202292650034,62,3,3,3,0,104.3333333333333,0,190,44516,1.6048439999867696
C,fifo,2,100,14,572,572,1.0,False,2971.470833333343,23.690158799536178,263.5250000000078,4,0.2857142857142857,65.14270833334035,2.0192020506118538,0.196271113398118,0.28047592872777594,0.1351022910464749,4.572341857335128,28,3,3,3,0,130.5,0,270,41854,1.1017590000119526
C,priority,2,100,14,572,572,1.0,False,2973.4916666667427,24.009702797205065,408.86666666670953,3,0.21428571428571427,122.5555555555563,2.0178297680336015,0.19734188295251653,0.28028531272156915,0.13514550035638648,4.628782784129119,28,3,3,3,0,130.5,0,300,41834,1.1324893000128213
C,deadline,2,100,14,572,572,1.0,False,2971.6375000000544,23.538257575754315,344.82499999997026,3,0.21428571428571427,68.59722222221187,2.019088802049338,0.19677562735438356,0.28045844532966524,0.13503120824236445,4.5407133243607,28,3,3,3,0,131.5,0,289,42118,1.093094599986216
C,cost,2,100,14,572,572,1.0,False,2970.300000000085,23.42104458042048,287.93749999996123,3,0.21428571428571427,65.8388888888815,2.019997980001962,0.1864098089604326,0.28059700759742934,0.135117217747362,4.518680578929653,28,3,3,3,0,132.16666666666666,0,192,41371,1.404302099981578
C,fifo,3,100,13,704,704,1.0,False,3417.558333333502,86.46228101327007,654.0416666668937,10,0.7692307692307693,586.0950000000732,1.7556393819173155,0.2060758940146074,0.32834571221655445,0.10413227269549967,17.848741954359273,66,2,3,3,0,136.20000000000002,0,264,51709,1.8649923000193667
C,priority,3,100,13,704,704,1.0,False,3163.900000000109,57.04669152462475,1516.2916666667636,7,0.5384615384615384,541.6172619048046,1.8963936913302548,0.22376918781670707,0.3534601283226309,0.09901803187258167,12.742098609355246,45,2,3,3,0,118.86666666666669,0,237,52478,1.5090364000061527
C,deadline,3,100,13,704,704,1.0,False,3316.8375000001497,65.78377130682392,904.8791666666859,11,0.8461538461538461,344.0462121212471,1.8089520514646042,0.2123123473958102,0.33716856292576625,0.09849808039619204,14.00994874886946,57,2,3,3,0,131.53333333333336,0,222,51567,1.5098969000100624
C,cost,3,100,13,704,704,1.0,False,3280.2750000001406,71.0514559659143,516.5333333332652,9,0.6923076923076923,524.674074074089,1.829114937009776,0.20456660561144563,0.3409648073205126,0.10256334633613653,15.286802804023164,53,9,3,3,0,140.20000000000002,0,192,51182,2.0168495000107214
C,fifo,4,100,14,646,646,1.0,False,3670.9041666666612,75.48648735810805,955.3041666666918,13,0.9285714285714286,383.1964743590268,1.6344747036663334,0.18048876090548532,0.2960933216952714,0.10741809844002542,13.394170525742304,58,1,3,3,0,103.5,0,243,48341,1.4427561000047717
C,priority,4,100,14,646,646,1.0,False,2926.1958333332564,37.18630030959489,547.5291666666992,10,0.7142857142857143,198.12083333332347,2.050443764443935,0.22566225299148135,0.37144821134381056,0.11901023904757112,8.281175264776222,52,2,3,3,0,76.0,0,251,47086,1.3722794999775942
C,deadline,4,100,14,646,646,1.0,False,2860.216666666618,30.58700980391722,524.5083333333264,8,0.5714285714285714,219.35312499999063,2.097743177964409,0.24814019528429704,0.3800003496238739,0.11892463287066474,6.978329255505068,43,1,3,3,0,74.33333333333333,0,222,45392,1.2726973000098951
C,cost,4,100,14,646,646,1.0,False,2799.229166666719,25.11920794633131,481.54166666668425,8,0.5714285714285714,185.0536458333125,2.1434472287757393,0.22260195639171712,0.38830779306802987,0.11903903976540735,5.867857142857143,44,8,3,3,0,77.0,0,207,45800,1.447854099998949
C,fifo,5,100,16,670,670,1.0,False,3364.71250000023,68.70268656717937,684.4166666668626,13,0.8125,363.3538461539568,1.783213276022718,0.20212763761801922,0.32506770637905524,0.10756930435694222,13.676968796433878,59,1,3,3,0,121.63333333333337,0,247,49499,1.467001999990316
C,priority,5,100,16,670,670,1.0,False,3119.6750000000357,48.74751865672241,687.650000000106,11,0.6875,292.78333333335706,1.9232772644586156,0.21699108614407464,0.35061845384535084,0.10827662559223292,10.469551282051283,44,2,3,3,0,122.30000000000003,0,243,49001,1.4231669000000693
C,deadline,5,100,16,670,670,1.0,False,2947.2333333334145,40.20328980099779,463.55833333335386,9,0.5625,218.85879629630463,2.035807593562268,0.22972392187015186,0.37116342162705773,0.11038791441879418,9.138398914518318,46,2,3,3,0,122.30000000000003,0,236,48469,1.369400299998233
C,cost,5,100,16,670,670,1.0,False,2885.9000000000196,35.32227611939933,445.6083333333429,9,0.5625,208.91666666664716,2.079074118992328,0.21984043106129525,0.3790516678794626,0.11036856702222467,8.203742203742204,45,2,3,3,0,123.9666666666667,0,208,46817,1.6515949000022374
D,fifo,1,220,25,1622,1622,1.0,False,5596.079166668166,326.93851469383367,2674.8499999993605,21,0.84,2216.384920635372,2.3587943642082374,0.23105109306452354,0.4833741481199456,0.27214697008838257,94.76487403966411,173,44,6,6,0,164.85624999999882,0,617,123025,5.523520100017777
D,priority,1,220,25,1622,1622,1.0,False,6209.312500000051,274.59875411012575,3933.0833333330415,21,0.84,1867.6103174601362,2.125839213278425,0.20810979476393016,0.4356359902968288,0.22015626170814764,71.74685990338165,171,43,6,6,0,164.2618055555543,0,583,123274,5.479786999989301
D,deadline,1,220,25,1622,1622,1.0,False,5254.433333332838,218.29573828603648,2733.329166665946,25,1.0,1002.2734999997654,2.5121643310730453,0.24456232990557109,0.5148033723903476,0.2231450832392334,67.40513796384396,161,44,6,6,0,164.85555555555453,0,647,119286,5.280693500011694
D,cost,1,220,25,1622,1622,1.0,False,5960.683333333135,276.5306822852039,3475.4333333328204,25,1.0,1483.414333333037,2.2145111997786224,0.2014628496174113,0.4538070299546344,0.22944268396938367,75.26656601241402,176,46,6,6,0,164.77569444444381,0,483,116692,8.819554699992295
D,fifo,2,220,24,1590,1590,1.0,False,5716.929166665996,325.42855607967095,2802.0499999991407,21,0.875,2105.441865079515,2.308931878492731,0.2131983006612893,0.46331819311509337,0.2685503113438533,90.50516004897673,180,1,6,6,0,110.17499999999625,0,572,117987,5.125123100006022
D,priority,2,220,24,1590,1590,1.0,False,4883.012500000171,191.16601939199379,3210.2041666656796,14,0.5833333333333334,1610.6979166665342,2.703249274909605,0.25056573682739947,0.542448607971665,0.22662150158325994,62.237305487305484,152,1,6,6,0,106.72986111110959,0,518,115682,4.6448879999807104
D,deadline,2,220,24,1590,1590,1.0,False,5406.387499999136,222.14121855341824,2659.3291666658492,24,1.0,1117.923090277434,2.4415563997220158,0.22605147614747817,0.48996518778335596,0.22878022498593772,65.32402441279822,165,1,6,6,0,109.72222222222003,0,582,116018,5.112869900010992
D,cost,2,220,24,1590,1590,1.0,False,6001.97499999973,279.58502882595207,3233.3666666662,24,1.0,1511.7630208330045,2.199276071626522,0.191609497984751,0.4413175801854309,0.23305926700746676,74.06931022992336,176,6,6,6,0,110.343055555554,0,499,115459,8.611903700017137
D,fifo,3,220,25,1596,1596,1.0,False,5340.025000000867,296.4993473266351,2505.1250000009195,22,0.88,1909.1996212120823,2.471898539800442,0.23140984826854122,0.4832715748833099,0.26880341442684547,88.6547463021906,181,16,6,5,0,92.95333333333332,0,570,118624,5.336390099982964
D,priority,3,220,25,1596,1596,1.0,False,5595.483333332324,226.04636069335464,3562.145833332308,21,0.84,1433.9765873012118,2.3590455397065577,0.2199273819059942,0.46123603412284253,0.21602719380811242,64.51447462473195,157,15,6,5,0,92.95333333333332,0,538,118515,5.061558500019601
D,deadline,3,220,25,1596,1596,1.0,False,5826.191666666155,250.79573412692767,3160.6291666660823,25,1.0,1367.451333332883,2.265630922429516,0.21123861642042743,0.4429637427536669,0.2243597742164209,68.73331045134718,167,15,6,5,0,92.95333333333332,0,551,118039,5.3410633000021335
D,cost,3,220,25,1596,1596,1.0,False,5861.233333332811,276.16445018791694,3197.920833332753,25,1.0,1532.578833332907,2.2520857384966493,0.19713036789758082,0.4402968018676779,0.23585997051482427,75.24257932446264,179,14,6,5,0,92.95333333333332,0,495,115192,8.823779099999228
D,fifo,4,220,24,1474,1474,1.0,False,5152.262500000535,315.2279596336016,2365.7708333336213,20,0.8333333333333334,1737.6245833330406,2.5619812655117298,0.2226667410676678,0.45055428723460617,0.2988516018043252,90.18008926838735,188,6,6,6,0,145.93333333333334,0,549,109840,4.921574800013332
D,priority,4,220,24,1474,1474,1.0,False,5498.212499999131,219.2753363862196,3504.4208333326314,15,0.625,1891.9263888886474,2.4007802535827936,0.20809130391618666,0.422218471003142,0.22710659373389108,58.78341516639389,144,6,6,6,0,146.93333333333334,0,531,108725,4.608174599998165
D,deadline,4,220,24,1474,1474,1.0,False,5343.8458333327135,252.06514586156808,2690.349999999493,24,1.0,982.0614583331204,2.4701311399486543,0.21639709385337016,0.43445556142078096,0.25618784386973825,69.62593562874251,170,27,6,6,0,145.26666666666668,0,537,108965,4.879051800002344
D,cost,4,220,24,1474,1474,1.0,False,5382.737499999338,272.567599502453,2707.7208333328317,24,1.0,1115.9453124997772,2.4522838054060085,0.1999025433930516,0.4312913503584903,0.2651018730530418,74.64164963774847,186,7,6,6,0,147.1,0,522,105562,7.975825500005158
D,fifo,5,220,27,1514,1514,1.0,False,5142.779166666864,259.94786437692704,2110.0624999992956,25,0.9259259259259259,1446.1878333333318,2.5667055831516836,0.22609876955307304,0.4684592150644694,0.26473949045599854,76.5907058137274,187,4,6,6,0,125.51666666666667,0,558,111186,4.786944999999832
D,priority,5,220,27,1514,1514,1.0,False,5251.116666666497,185.05771961688586,3276.1999999998716,18,0.6666666666666666,1403.1481481480062,2.513751043428939,0.2210692487628333,0.4588051906420044,0.21489058444975578,53.36424219345012,130,4,6,6,0,123.01666666666667,0,561,110923,4.4903467999829445
D,deadline,5,220,27,1514,1514,1.0,False,5349.524999999401,223.2509742403953,2809.5208333327764,27,1.0,969.6830246911661,2.4675087975103356,0.21618371880374618,0.4503538476158039,0.2376889105289302,63.250093457943926,157,3,6,6,0,112.01666666666667,0,553,110188,4.671858999994583
D,cost,5,220,27,1514,1514,1.0,False,5586.7916666658275,266.39589387930454,3026.9583333324945,27,1.0,1269.4023148145116,2.3627156313630184,0.2018298367429921,0.43119131433521507,0.24925970449896834,72.25577232862001,176,3,6,6,0,117.68333333333332,0,481,108914,7.908444300002884
