workload,scheduler,runs,makespan_min,makespan_min_std,mean_task_wait_min,mean_task_wait_min_std,max_task_wait_min,max_task_wait_min_std,deadline_miss_rate,deadline_miss_rate_std,mean_lateness_min,mean_lateness_min_std,throughput_plates_per_hour,throughput_plates_per_hour_std,mean_robot_utilization,mean_robot_utilization_std,mean_station_utilization,mean_station_utilization_std,mean_ready_queue,mean_ready_queue_std,tasks_rescheduled,tasks_rescheduled_std,mean_recovery_min,mean_recovery_min_std
A,fifo,5,2210.9691666666513,351.2884836025576,13.045872023808908,5.508132095466591,111.65833333332132,44.75691752864874,0.0,0.0,0.0,0.0,0.2784497175470969,0.05572588687548718,0.04136090813981726,0.015293767122810692,0.09351053817877503,0.05437853919776782,0.38713442280296717,0.31473336881318215,0.0,0.0,0.0,0.0
A,priority,5,2216.169166666652,340.4733747977352,13.676660714285157,6.769506607209077,136.02333333332282,48.79197388174694,0.0,0.0,0.0,0.0,0.2772647785480472,0.05316576609556252,0.041138287618632474,0.01484189281753172,0.09292394438890292,0.053115478523611016,0.4116685200312634,0.36996967541083803,0.0,0.0,0.0,0.0
A,deadline,5,2211.2233333333174,351.42675426936285,12.473267857142167,4.476317821414028,132.54499999998944,43.904063893770065,0.0,0.0,0.0,0.0,0.27842292026535925,0.05574447342289544,0.04134917058461247,0.015306855866025544,0.09350301524755895,0.05438416164682312,0.3625457171181129,0.2612388679641647,0.0,0.0,0.0,0.0
A,cost,5,2210.835833333317,351.8006729965326,12.475374999999298,4.484093101056262,132.69499999998973,43.76685036613498,0.0,0.0,0.0,0.0,0.2784914634164062,0.05584117337489548,0.04042552434485393,0.015162864247190508,0.09353352002904068,0.054434253989670944,0.3622038128042576,0.26002064051319235,0.0,0.0,0.0,0.0
B,fifo,5,2588.416666666664,72.43332985791662,15.846145807827263,11.160584115834554,187.38499999998305,119.58254226654265,0.24343434343434342,0.14629561824456475,150.24624999998113,115.6150368909753,1.159720880445231,0.031772704230098724,0.13563748949899299,0.009161851958812063,0.21674931711405718,0.024557541444296952,2.1820092746162367,1.5725439432946595,0.0,0.0,0.0,0.0
B,priority,5,2577.030833333317,51.1395147658279,14.913014972796224,9.49396373702323,206.9858333333176,119.11621708905615,0.18525252525252525,0.16507288153646918,161.65958333331315,142.07832555933135,1.1644942637553257,0.022919436165506898,0.13598004365735944,0.0095246319223698,0.21771784113596424,0.025063653999207902,2.072667741864857,1.3842792415231697,0.0,0.0,0.0,0.0
B,deadline,5,2573.45,45.27130205694501,13.234803164405958,8.279109676243127,221.84166666665368,126.32498684085812,0.22343434343434343,0.17485458269452533,89.05569444443618,80.10495083779122,1.166037444804133,0.020407055620040096,0.13591652914200641,0.009681830730346534,0.2180313618994511,0.025268522792291,1.8381950248592875,1.2154732821746914,0.0,0.0,0.0,0.0
B,cost,5,2563.9491666666486,34.22414821700647,13.074656680713858,7.403337536463425,213.55999999998082,131.54735112042306,0.22343434343434343,0.17485458269452533,97.59812499998446,90.23123653270041,1.1702360816369566,0.01555338752251897,0.12763151362221106,0.008885830343309099,0.21887452751643494,0.02581339424953749,1.8286131434703452,1.1195226077972678,0.0,0.0,0.0,0.0
C,fifo,5,3397.935000000096,267.298111503235,68.06256102887039,25.902235714059444,688.232500000111,269.79774701000343,0.7058699633699633,0.24610238173876933,351.24237849656765,185.89519945025057,1.7751090191641172,0.14856425117227687,0.1932679804776913,0.011792697171910763,0.3067726845364847,0.020087525783648138,12.990929203330483,5.030220982252789,2.0,1.0,120.83333333333334,13.256256384565502
C,priority,5,3061.2275000000545,104.50992084758273,44.265254897212024,13.64987123699587,827.1166666667373,438.59366571172524,0.5242399267399267,0.2014694773522268,326.16753968255773,178.7211550251473,1.9618501953356895,0.06782099625291192,0.21437985498926504,0.011742689154755872,0.3405477365944392,0.03498298828876627,9.453075990880176,3.136737999173805,2.4,0.5477225575051661,112.26666666666667,21.177307036857485
C,deadline,5,3012.7275000000564,175.88822485919547,42.54531595791449,16.96440174971905,564.5158333333375,209.95003176187276,0.5322069597069597,0.22714978479405065,214.62464255651372,97.68911849767697,1.9966701616499758,0.1096786630745839,0.22130218544055735,0.019213360756297426,0.34676760060545586,0.04038180872105543,9.210162684769308,3.6929322789607246,2.2,0.8366600265340756,115.46666666666667,23.762844479939226
C,cost,5,2999.780833333415,133.18013723853116,43.796628216220014,16.982224501316075,501.40999999999883,127.54677480108265,0.5264377289377289,0.19779379158131333,242.45089736653188,135.6771112854531,2.0032904553948727,0.08861356353198195,0.21024895783955455,0.020972068695285128,0.34806572995031293,0.03997026958890799,9.551287248198863,3.852899322112706,2.6,0.5477225575051661,113.53333333333335,26.406764705700375
D,fifo,5,5389.615000000485,259.55987834766063,304.80844842213367,27.861299542449697,2491.5716666664675,269.9752440970796,0.8708518518518519,0.03705916005938707,1882.9677647186684,305.4714325114206,2.4536623262329647,0.11703756100966112,0.224884950523019,0.007476081848934481,0.4697954836834849,0.013963789865379375,88.13911509458924,6.842807507943677,14.2,17.58408371226661,127.88691666666568,28.425736943808914
D,priority,5,5487.427499999635,488.38269695566765,219.22883803971592,35.5931717735135,3497.2108333327064,285.25076237552867,0.711,0.12139009661234952,1641.4718716929071,231.66008956811675,2.420533064981264,0.2119159045565734,0.22155269323526874,0.01736773283753876,0.4640688588072966,0.046741307075241705,62.12925947505261,6.8231108252503265,13.8,17.137677789012137,126.77899999999944,29.03212320933563
D,deadline,5,5436.076666666048,224.75719010022473,233.30976221366916,16.649775726814433,2810.6316666660296,203.61439432517318,1.0,0.0,1087.8784813268737,167.00245451666615,2.4313983181367136,0.09605904844518848,0.2228866470261186,0.013253033009327708,0.46650834239279104,0.03437051847095034,66.86770038293515,2.5907150131030465,18.0,17.88854381999832,124.96288888888824,29.27525611742342
D,cost,5,5641.558333332874,380.09341810185566,257.47687025104335,23.30663229838316,2995.456666666156,400.5475128909991,1.0,0.0,1320.070216820685,273.6710709923033,2.348613306730553,0.1640435018476213,0.19851847011070997,0.008142447523626898,0.4493560875213918,0.01738117429101325,71.10024246566934,3.8783328437307953,14.0,16.09347693943108,126.57483333333276,28.72428934060981
